,Student Name,Department,Physics,Mathematics,Chemistry,AI,Term Work,DOB
0,Theresa Blue,COMPUTER,62.0,4.0,64.1,74.0,8,2003-2-19
1,Teresa Gipson,ENTC,66.0,21.0,297.0,39.0,2,2001-3-2
2,Miguel Gibson,MECHANICAL,43.0,71.0,218.0,67.0,7,2002-2-15
3,Diane Griffin,ENTC,58.0,69.0,53.0,21.6,7,2001-4-5
4,Leigh Taylor,MECHANICAL,,71.0,252.0,84.0,2,2002-5-7
5,Cecelia Arana,COMPUTER,41.0,68.0,283.0,21.4,2,2001-12-19
6,Darnell Arredondo,COMPUTER,72.0,30.0,20.0,19.1,10,2003-5-14
7,Twyla Brown,COMPUTER,47.0,46.6,61.6,85.0,9,2003-4-3
8,Fernando Lai,COMPUTER,,4.0,68.2,33.2,2,2002-3-28
9,Tim Palmer,ENTC,35.0,,51.0,62.0,4,2001-8-7
10,Rachael Gaff,COMPUTER,,95.0,51.0,22.4,9,2003-5-27
11,Larry Ricardo,COMPUTER,50.0,60.0,19.0,22.9,5,2002-6-7
12,Fermin Smith,MECHANICAL,51.0,47.2,14.0,39.0,10,2003-6-9
13,Chad Seibert,MECHANICAL,50.0,71.0,40.0,61.0,7,2001-9-24
14,Isabel Paxton,COMPUTER,39.0,27.0,36.0,68.0,6,2003-6-15
15,Theresa Sherman,MECHANICAL,57.0,67.0,229.0,,4,2002-6-6
16,Violet Russell,ENTC,96.0,63.0,54.0,86.0,8,2001-3-7
17,Diana Sawyers,COMPUTER,56.0,85.0,100.0,81.0,5,2001-12-4
18,Stella Goode,ENTC,47.0,29.0,59.0,51.0,2,2002-2-2
19,Colleen Pao,COMPUTER,73.0,60.0,88.0,60.0,3,2001-12-2
20,William Fernandez,MECHANICAL,67.0,58.0,37.0,6.5,9,2001-9-23
21,Harold Dunn,COMPUTER,,76.0,41.0,61.0,10,2003-9-25
22,Paul Luyando,COMPUTER,55.0,70.0,57.6,11.3,3,2002-2-4
23,Stephanie Holland,MECHANICAL,26.0,58.0,74.7,,5,2003-11-23
24,Penelope Weiner,COMPUTER,9.0,56.0,64.9,91.0,2,2003-7-8
25,Nancy Barnhill,MECHANICAL,4.0,5.0,66.4,4.7,4,2002-10-25
26,Dona Browning,COMPUTER,58.0,19.0,56.9,95.0,5,2002-4-19
27,Ana Cooper,ENTC,80.0,67.0,25.0,67.0,10,2002-6-11
28,Scott Mckoy,COMPUTER,52.0,79.0,4.0,27.3,2,2002-6-28
29,Tosha Ballard,ENTC,55.0,68.0,185.0,99.0,1,2002-3-29
30,Alison Herman,ENTC,61.0,87.0,62.4,27.4,4,2002-11-2
31,Joe Viele,COMPUTER,46.0,49.2,44.0,11.0,3,2003-10-4
32,Claudette Crowder,ENTC,33.0,87.0,65.6,93.0,7,2003-8-27
33,Elizabeth Golden,MECHANICAL,43.0,,79.0,64.0,4,2002-7-25
34,Ruth Griffin,ENTC,83.0,44.8,44.0,,5,2003-1-9
35,Antonio Bruno,COMPUTER,46.0,5.0,152.0,100.0,4,2001-9-4
36,Norma Price,COMPUTER,50.0,,57.3,9.1,6,2003-1-8
37,William Rivero,COMPUTER,84.0,58.0,14.0,69.0,6,2001-4-5
38,Anthony Moore,MECHANICAL,,100.0,88.0,59.0,2,2001-2-3
39,Jason Cormany,COMPUTER,66.0,28.0,21.0,73.0,5,2002-10-12
40,Mary Yates,COMPUTER,45.0,87.0,56.1,13.9,3,2001-7-20
41,David Louie,ENTC,92.0,83.0,51.0,3.8,7,2001-11-7
42,Lincoln Freeman,ENTC,87.0,47.0,85.0,83.0,1,2003-8-4
43,Lester Cabler,COMPUTER,79.0,21.0,46.0,92.0,7,2002-5-27
44,Justine Swift,COMPUTER,87.0,6.0,68.5,82.0,4,2001-8-25
45,Homer Moore,COMPUTER,96.0,24.0,51.0,50.0,1,2002-11-24
46,Victor Ruhland,COMPUTER,76.0,,92.0,37.0,9,2003-6-10
47,Tommy Hayden,MECHANICAL,97.0,76.0,275.0,19.0,10,2003-1-21
48,Glen Baldrige,MECHANICAL,87.0,68.0,21.0,,5,2003-6-9
49,Lucille Rasmussen,COMPUTER,22.0,47.8,50.0,95.0,9,2001-10-21
50,Nicole Fowler,MECHANICAL,,81.0,44.0,,8,2002-12-21
51,James Anderson,MECHANICAL,57.0,87.0,59.1,25.3,5,2001-3-3
52,Felix Erickson,ENTC,43.0,70.0,49.0,81.0,7,2001-3-16
53,Aaron Walls,COMPUTER,,60.0,67.6,67.0,9,2002-3-12
54,Marion Harden,ENTC,79.0,21.0,261.0,27.4,8,2003-5-20
55,Phyllis Mckinney,ENTC,52.0,21.0,53.0,88.0,6,2001-5-25
56,Mary Rose,COMPUTER,33.0,73.0,42.0,70.0,9,2003-6-14
57,Isabelle Smith,COMPUTER,91.0,93.0,42.0,95.0,7,2001-4-7
58,Willard Payne,COMPUTER,20.0,30.0,65.9,63.0,7,2003-8-27
59,Christina Lemon,MECHANICAL,84.0,26.0,44.0,53.0,5,2003-6-13
60,Curtis Tang,COMPUTER,,69.0,93.0,,10,2001-10-8
61,Eileen Goulet,COMPUTER,78.0,,69.6,46.0,7,2001-11-15
62,Luis Laverriere,COMPUTER,48.0,,88.0,32.3,8,2003-4-11
63,Janice Peterson,MECHANICAL,40.0,98.0,56.4,85.0,9,2002-10-22
64,Marvin Finney,COMPUTER,76.0,,68.6,58.0,5,2001-4-24
65,Crystal Cornish,COMPUTER,62.0,80.0,85.0,92.0,2,2003-10-20
66,Robert Dixon,MECHANICAL,43.0,87.0,53.0,92.0,5,2002-12-8
67,Michael Reese,MECHANICAL,47.0,70.0,185.0,89.0,6,2001-2-17
68,George Glass,COMPUTER,26.0,60.0,50.0,39.0,7,2001-10-6
69,John White,COMPUTER,30.0,58.0,46.0,90.0,5,2002-10-2
70,Donald Hathaway,COMPUTER,73.0,12.0,294.0,81.0,8,2001-8-9
71,Norma Torres,COMPUTER,52.0,88.0,97.0,88.0,7,2001-8-29
72,Walter Dalbec,MECHANICAL,78.0,57.0,50.0,63.0,5,2002-4-15
73,Sharon Hall,MECHANICAL,37.0,63.0,187.0,72.0,10,2002-7-21
74,Alicia Carroll,ENTC,49.0,,63.9,93.0,2,2001-9-18
75,Erica Stanley,COMPUTER,,70.0,34.0,98.0,5,2001-11-2
76,Sarah Green,COMPUTER,70.0,27.0,97.0,27.2,7,2002-2-25
77,Gonzalo Dotson,COMPUTER,59.0,19.0,9.0,96.0,1,2001-9-4
78,Rose Langlinais,COMPUTER,59.0,97.0,72.6,99.0,10,2001-11-10
79,Pamela Mcfadden,ENTC,45.0,97.0,18.0,64.0,5,2002-12-16
80,Raul Burke,ENTC,,42.2,283.0,75.0,5,2001-1-14
81,Emma Cash,ENTC,69.0,,50.0,34.5,4,2002-12-28
82,Patrick Igtanloc,COMPUTER,50.0,5.0,57.0,72.0,4,2002-6-26
83,Christine Nugent,ENTC,12.0,58.0,29.0,28.5,7,2001-9-16
84,Vernon Cousins,COMPUTER,63.0,72.0,13.0,51.0,9,2001-12-18
85,Jack Maisenbacher,COMPUTER,41.0,60.0,63.1,54.0,3,2002-11-29
86,Ronald Gilchrest,ENTC,44.0,96.0,93.0,94.0,1,2003-4-23
87,Jermaine Quinlan,COMPUTER,57.0,28.0,41.0,,10,2003-2-19
88,Kali James,MECHANICAL,92.0,66.0,40.0,85.0,9,2002-10-21
89,Angela Mahan,ENTC,74.0,59.0,63.5,,7,2001-8-3
90,Brett Driscoll,COMPUTER,,56.0,161.0,87.0,8,2002-4-24
91,Ashley Dalton,MECHANICAL,71.0,,99.0,71.0,6,2001-2-10
92,William Dunbar,COMPUTER,94.0,92.0,68.9,81.0,7,2003-5-3
93,Florence Seibert,COMPUTER,41.0,49.7,95.0,71.0,8,2003-8-1
94,Steven Applegate,COMPUTER,57.0,97.0,96.0,17.3,7,2002-11-29
95,Robert Hackman,ENTC,80.0,61.0,74.8,74.0,10,2002-9-10
96,Sarah Green,COMPUTER,98.0,3.0,69.5,91.0,9,2003-4-24
97,Barney Roberts,ENTC,92.0,3.0,56.5,66.0,3,2001-2-19
98,Sharita Chambers,MECHANICAL,89.0,,61.4,86.0,1,2002-2-20
99,Cynthia Gary,MECHANICAL,,56.0,80.0,8.9,4,2002-2-5
100,Roberta Treffert,MECHANICAL,72.0,57.0,1.0,74.0,7,2001-10-24
101,Douglas Murray,MECHANICAL,,15.0,50.0,48.0,1,2003-10-28
102,David Walker,COMPUTER,82.0,29.0,160.0,87.0,5,2003-2-4
103,Wayne Witherspoon,MECHANICAL,44.0,61.0,57.3,,6,2001-5-12
104,Aleta Manuel,ENTC,94.0,83.0,64.2,31.1,5,2003-8-27
105,Margaret Medina,COMPUTER,86.0,28.0,49.0,43.0,10,2002-4-21
106,Martha Miller,MECHANICAL,99.0,32.0,89.0,65.0,7,2001-12-29
107,Penny Pizarro,MECHANICAL,84.0,21.0,52.0,68.0,4,2002-10-3
108,Donny Toenges,COMPUTER,,22.0,27.0,66.0,6,2001-12-20
109,Estelle Jeannotte,COMPUTER,62.0,2.0,56.6,9.9,1,2002-3-24
110,Fermin Pugh,MECHANICAL,46.0,59.0,40.0,38.0,1,2001-1-29
111,Mary Applewhite,COMPUTER,50.0,77.0,12.0,92.0,10,2001-4-22
112,Mary Reeves,MECHANICAL,10.0,79.0,53.0,76.0,10,2001-5-26
113,Tonya Jackson,COMPUTER,,65.0,68.1,72.0,6,2001-4-12
114,Edward Hamilton,ENTC,48.0,35.0,12.0,57.0,9,2003-3-25
115,Ralph Brown,ENTC,78.0,67.0,239.0,54.0,5,2001-7-9
116,Judy Jewels,ENTC,76.0,59.0,85.0,78.0,4,2002-12-12
117,Wayne Cuevas,COMPUTER,18.0,,283.0,81.0,5,2003-11-6
118,Colleen Norris,COMPUTER,32.0,84.0,48.0,85.0,1,2001-11-1
119,Kim Cornwell,COMPUTER,50.0,7.0,64.0,85.0,5,2001-12-13
120,Sarah Bejjani,COMPUTER,47.0,48.3,68.7,,7,2001-1-10
121,Lisa Tureson,COMPUTER,46.0,81.0,95.0,75.0,10,2001-2-22
122,Dale Cross,MECHANICAL,,21.0,17.0,,7,2001-10-5
123,Karen Delgado,COMPUTER,,94.0,50.0,,8,2002-10-12
124,Hazel Tatum,ENTC,92.0,,68.1,50.0,9,2001-5-29
125,Rodney Craine,MECHANICAL,64.0,94.0,81.0,,9,2001-11-9
126,Betty Herman,COMPUTER,75.0,19.0,21.0,18.5,3,2001-4-27
127,Tina Manly,COMPUTER,69.0,39.1,47.0,56.0,1,2002-11-30
128,Cathie Brown,COMPUTER,60.0,28.0,80.0,59.0,6,2002-2-20
129,Jamie Watts,MECHANICAL,,100.0,9.0,12.8,2,2003-1-29
130,John Burdine,COMPUTER,85.0,68.0,44.0,,7,2001-6-9
131,Odell Robinson,MECHANICAL,26.0,83.0,17.0,81.0,7,2003-7-26
132,Linda Stannard,COMPUTER,62.0,68.0,191.0,22.2,10,2002-4-2
133,Antonio Roberts,MECHANICAL,59.0,31.0,69.8,98.0,4,2003-6-3
134,Shane Stewart,ENTC,48.0,56.0,72.5,10.6,2,2003-10-4
135,Ryan Davey,MECHANICAL,24.0,58.0,39.0,3.6,7,2002-4-4
136,Keith Quigley,ENTC,47.0,95.0,38.0,8.8,2,2001-6-30
137,Jessica Metz,ENTC,16.0,16.0,43.0,57.0,3,2002-4-29
138,Reina Arevalo,COMPUTER,82.0,56.0,58.2,,2,2001-9-20
139,Alex Carr,COMPUTER,89.0,63.0,26.0,87.0,7,2002-7-4
140,Maria Heath,MECHANICAL,38.0,56.0,77.0,17.2,3,2002-11-3
141,Tommy Cox,ENTC,,85.0,91.0,97.0,9,2001-1-22
142,Mark Sheeran,COMPUTER,48.0,36.0,14.0,13.1,5,2001-9-26
143,Jesse Hunt,COMPUTER,91.0,29.0,62.9,95.0,10,2001-3-12
144,Adelina Reyes,ENTC,72.0,46.1,60.4,87.0,9,2002-9-22
145,Michelle Schill,COMPUTER,46.0,100.0,44.0,22.2,3,2003-5-16
146,Edward Kays,MECHANICAL,55.0,28.0,63.3,79.0,2,2002-10-20
147,Carroll Sigman,COMPUTER,96.0,95.0,45.0,10.0,7,2003-1-14
148,Keenan Wilkinson,COMPUTER,,8.0,206.0,71.0,2,2002-4-8
149,Christine Johnson,ENTC,43.0,85.0,72.0,9.7,9,2002-12-5
150,Jessie Rollins,COMPUTER,93.0,88.0,223.0,82.0,6,2001-9-19
151,Frances Nix,ENTC,97.0,35.0,52.0,79.0,5,2001-5-17
152,Timothy Rice,ENTC,23.0,6.0,30.0,5.9,6,2002-7-24
153,Paul Merrell,ENTC,42.0,19.0,1.0,76.0,2,2001-10-1
154,Cyril Miramon,COMPUTER,72.0,19.0,55.0,1.7,6,2002-7-10
155,Dena Schlegel,COMPUTER,47.0,87.0,3.0,41.0,8,2001-8-18
156,Kenneth Yanes,MECHANICAL,75.0,11.0,73.8,72.0,6,2002-12-20
157,Gayle Hernandez,MECHANICAL,85.0,19.0,25.0,85.0,5,2001-1-5
158,Lori Paulo,COMPUTER,69.0,41.5,78.0,45.0,1,2003-7-8
159,Rachel Roekle,ENTC,,,65.3,32.5,1,2001-4-6
160,Laverne Price,MECHANICAL,49.0,96.0,60.6,58.0,8,2003-4-6
161,Tara Owens,ENTC,47.0,,61.7,,3,2003-10-22
162,Michele Welborn,ENTC,77.0,81.0,44.0,56.0,1,2002-11-16
163,Kenneth Romero,MECHANICAL,99.0,8.0,4.0,8.9,7,2003-2-18
164,Robert Abell,COMPUTER,97.0,36.0,76.0,4.6,3,2003-3-17
165,Kellie Morales,COMPUTER,60.0,38.1,73.7,83.0,7,2002-3-5
166,Thelma White,MECHANICAL,89.0,47.3,26.0,59.0,4,2003-10-11
167,Guadalupe Akins,MECHANICAL,37.0,5.0,5.0,46.0,8,2002-8-27
168,Alvin Lewis,MECHANICAL,,76.0,64.2,27.7,6,2001-10-19
169,Nina Bake,MECHANICAL,47.0,30.0,66.6,14.3,10,2001-6-22
170,Lisa Willie,ENTC,80.0,11.0,56.4,,4,2002-2-19
171,Frederick Miller,COMPUTER,81.0,45.8,39.0,25.9,2,2002-3-24
172,Alan Gamble,COMPUTER,72.0,89.0,17.0,91.0,9,2001-2-10
173,Michelle Blethen,COMPUTER,76.0,,1.0,58.0,5,2002-8-3
174,Adam Albaugh,MECHANICAL,55.0,76.0,159.0,69.0,4,2001-9-8
175,Elizabeth Owens,MECHANICAL,66.0,72.0,21.0,,10,2003-3-7
176,Samantha Hendrix,COMPUTER,,,22.0,,9,2001-12-17
177,Jeffrey Andrews,MECHANICAL,6.0,31.0,61.0,,6,2003-4-1
178,Patti Sullivan,MECHANICAL,75.0,40.0,7.0,75.0,1,2001-7-18
179,Bruce Stickel,COMPUTER,50.0,71.0,48.0,38.0,4,2003-10-26
180,Audrey Cutshall,COMPUTER,59.0,29.0,58.4,55.0,8,2002-9-17
181,Edward Cruz,MECHANICAL,60.0,63.0,57.8,,3,2001-11-30
182,Alice Bunn,MECHANICAL,6.0,60.0,57.3,6.8,6,2003-5-19
183,Travis Milewski,ENTC,6.0,91.0,98.0,,3,2001-1-2
184,Frances Wadusky,MECHANICAL,58.0,94.0,53.0,3.1,3,2003-4-20
185,Andrea Trevathan,COMPUTER,58.0,,74.3,79.0,8,2003-8-21
186,Gregory Wang,ENTC,60.0,,48.0,18.5,4,2001-11-17
187,Todd Slevin,ENTC,62.0,21.0,22.0,48.0,6,2001-11-26
188,Floyd Dutton,COMPUTER,82.0,60.0,39.0,44.0,4,2002-1-17
189,Harry Lynch,ENTC,3.0,82.0,45.0,64.0,8,2003-4-9
190,Timothy Lewis,MECHANICAL,63.0,89.0,72.7,76.0,9,2001-2-2
191,Dorothy Wiersma,COMPUTER,83.0,93.0,19.0,89.0,9,2003-12-13
192,John Brady,COMPUTER,28.0,77.0,41.0,59.0,8,2002-5-23
193,Charlene Tucker,COMPUTER,100.0,76.0,4.0,70.0,9,2002-5-17
194,Jaime Hyde,COMPUTER,,,47.0,97.0,1,2003-8-30
195,Philomena Winn,ENTC,37.0,90.0,55.0,82.0,2,2003-5-14
196,Elizabeth Cerny,ENTC,74.0,16.0,83.0,3.2,5,2003-11-6
197,Tyler Wormley,COMPUTER,48.0,76.0,50.0,69.0,5,2001-7-7
198,Anthony Williams,ENTC,50.0,28.0,63.1,,3,2002-10-7
199,Scott Currie,MECHANICAL,60.0,64.0,218.0,92.0,3,2001-8-29
200,Christopher Saunders,ENTC,15.0,62.0,65.9,,7,2001-9-8
201,Sara Ward,COMPUTER,47.0,,52.0,36.0,3,2003-8-16
202,Max Flowers,ENTC,42.0,75.0,70.7,83.0,6,2001-5-21
203,Anthony Delavega,COMPUTER,65.0,83.0,52.0,82.0,7,2001-11-20
204,Tony Prewitt,COMPUTER,81.0,64.0,35.0,56.0,3,2003-5-19
205,Mayra Decker,ENTC,91.0,29.0,185.0,10.1,7,2001-6-15
206,Theresa Destefano,ENTC,79.0,26.0,80.0,69.0,10,2002-3-26
207,John Cooney,MECHANICAL,10.0,68.0,46.0,90.0,6,2001-7-6
208,Linda Collins,MECHANICAL,41.0,95.0,15.0,,10,2003-12-21
209,Mark Pogozelski,ENTC,39.0,,57.2,77.0,4,2003-2-6
210,Tom Ferris,COMPUTER,63.0,,34.0,,9,2003-7-13
211,Barbara Chiles,ENTC,46.0,98.0,5.0,85.0,1,2002-11-24
212,Guadalupe Rich,COMPUTER,78.0,19.0,72.8,99.0,1,2003-10-19
213,Anna Smith,MECHANICAL,59.0,6.0,22.0,1.2,8,2001-6-1
214,Robert Kowalski,COMPUTER,88.0,86.0,14.0,68.0,10,2003-10-19
215,Karen Nebarez,COMPUTER,3.0,58.0,61.8,97.0,1,2001-9-23
216,Leonard Johnson,ENTC,37.0,89.0,72.3,2.6,3,2002-8-19
217,James Cockrell,ENTC,97.0,73.0,72.5,42.0,3,2003-6-4
218,Angel Lindner,COMPUTER,2.0,77.0,14.0,82.0,10,2001-11-5
219,Quinn Jacobsen,MECHANICAL,91.0,60.0,47.0,93.0,2,2001-5-20
220,Kenneth Rogers,ENTC,72.0,80.0,43.0,70.0,3,2003-11-3
221,Karen Cantrell,ENTC,75.0,100.0,85.0,,6,2002-4-8
222,Helen Hill,COMPUTER,42.0,85.0,5.0,66.0,4,2002-1-5
223,Violet Hernandez,COMPUTER,74.0,,74.8,90.0,6,2002-2-23
224,Gary Franke,COMPUTER,65.0,,92.0,57.0,4,2001-12-1
225,Jodi Whitted,COMPUTER,,8.0,61.3,18.9,6,2002-10-18
226,Donald Logie,COMPUTER,41.0,94.0,229.0,90.0,5,2003-3-18
227,Marcus Jorgensen,ENTC,41.0,58.0,65.4,63.0,8,2002-7-30
228,Mary Grant,MECHANICAL,,17.0,291.0,36.0,5,2001-10-7
229,Thomas Quisenberry,COMPUTER,60.0,48.1,34.0,92.0,4,2003-9-16
230,William Davis,ENTC,54.0,85.0,34.0,41.0,10,2001-4-29
231,James Cooper,ENTC,93.0,32.0,41.0,100.0,7,2001-9-5
232,Brett Milne,MECHANICAL,97.0,63.0,73.1,71.0,2,2001-11-13
233,Ellen White,COMPUTER,44.0,88.0,74.9,29.7,10,2001-4-1
234,Marvin Dobson,COMPUTER,8.0,14.0,13.0,67.0,5,2003-9-30
235,David Eskind,MECHANICAL,54.0,54.3,157.0,,9,2002-5-25
236,Mike Otano,COMPUTER,78.0,94.0,57.3,22.2,6,2001-9-17
237,Brian Hong,ENTC,93.0,3.0,247.0,18.7,2,2002-8-1
238,Regina Atkins,MECHANICAL,66.0,39.6,66.8,62.0,4,2003-1-12
239,Dominic Lawson,ENTC,66.0,37.4,48.0,,9,2003-5-2
240,Rita Hickman,ENTC,61.0,85.0,211.0,25.3,4,2003-3-21
241,Ruth Charlton,ENTC,30.0,22.0,26.0,91.0,3,2001-5-18
242,June Ivory,COMPUTER,68.0,82.0,92.0,74.0,4,2003-6-27
243,Thomas Deanda,MECHANICAL,,6.0,30.0,96.0,1,2003-12-29
244,Andres An,COMPUTER,92.0,70.0,71.2,74.0,2,2003-8-3
245,Lauren Hardin,COMPUTER,,60.0,40.0,66.0,5,2001-11-10
246,Herman Hunt,MECHANICAL,68.0,59.0,50.0,84.0,8,2003-4-13
247,Richard Davenport,ENTC,94.0,7.0,61.1,82.0,3,2003-11-15
248,Beth Ruesga,MECHANICAL,97.0,73.0,61.3,,9,2001-9-23
249,Vance Vandeusen,COMPUTER,45.0,95.0,70.8,87.0,4,2003-5-11
250,Marc Segura,COMPUTER,37.0,41.8,55.0,67.0,3,2002-2-9
251,Tonya Christman,COMPUTER,85.0,78.0,50.0,1.5,10,2001-10-16
252,John Specht,MECHANICAL,40.0,47.7,43.0,92.0,9,2003-8-30
253,Susan Riner,MECHANICAL,88.0,83.0,80.0,79.0,3,2002-4-3
254,Roger Ryan,COMPUTER,79.0,48.3,153.0,73.0,3,2002-11-2
255,Richard Moskowitz,MECHANICAL,14.0,99.0,293.0,78.0,2,2001-2-2
256,Terry Licata,COMPUTER,53.0,90.0,99.0,,5,2003-11-27
257,Ronald Bautista,COMPUTER,73.0,29.0,56.2,97.0,3,2003-4-23
258,Rebecca Castro,COMPUTER,,22.0,37.0,62.0,8,2002-4-11
259,Hattie Garcia,ENTC,39.0,60.0,39.0,51.0,3,2002-4-14
260,Gloria Jones,COMPUTER,54.0,16.0,37.0,85.0,9,2002-7-23
261,Sherri Averill,COMPUTER,81.0,56.0,37.0,60.0,3,2001-8-8
262,Robert Neville,MECHANICAL,,,60.3,9.7,6,2003-10-13
263,Corey Merrett,COMPUTER,74.0,6.0,82.0,88.0,5,2001-5-28
264,Cheryl Lekan,COMPUTER,99.0,,44.0,90.0,9,2001-5-22
265,Brandi Mente,ENTC,57.0,40.4,22.0,19.4,4,2003-4-30
266,Rudy Coleman,COMPUTER,,86.0,47.0,,6,2001-9-25
267,Ryan Suttles,COMPUTER,17.0,86.0,57.2,57.0,9,2002-3-13
268,Paul Hart,ENTC,60.0,96.0,182.0,14.0,8,2001-4-10
269,Billy Gonzalez,COMPUTER,62.0,66.0,48.0,99.0,10,2002-12-28
270,Kyle Wolfe,COMPUTER,97.0,2.0,220.0,33.3,3,2003-7-30
271,Daniel Horton,COMPUTER,71.0,,159.0,29.4,3,2001-7-12
272,Julie Grace,COMPUTER,63.0,77.0,60.2,10.5,7,2002-11-11
273,Brenda Lyons,COMPUTER,44.0,45.8,56.6,89.0,2,2003-10-18
274,Frank Cammarata,COMPUTER,61.0,,224.0,19.2,7,2003-1-10
275,Judy Harrison,COMPUTER,45.0,56.0,19.0,79.0,1,2001-1-16
276,Norman Crowell,COMPUTER,79.0,16.0,273.0,48.0,4,2002-3-20
277,Milton Templeton,COMPUTER,42.0,95.0,66.9,40.0,7,2002-7-15
278,Amy Porter,COMPUTER,98.0,90.0,63.6,79.0,6,2001-4-26
279,Scott Niemczyk,COMPUTER,,47.2,77.0,1.2,7,2002-1-3
280,Eric Hohman,ENTC,11.0,54.4,60.5,69.0,6,2002-4-6
281,Daniel Braun,ENTC,34.0,49.4,186.0,43.0,6,2001-3-26
282,Clyde Devins,COMPUTER,,,228.0,98.0,3,2003-8-16
283,Olivia Monroe,MECHANICAL,94.0,85.0,6.0,58.0,8,2001-7-6
284,Sarah Mach,COMPUTER,,48.6,52.0,73.0,3,2002-1-21
285,John Winokur,MECHANICAL,82.0,96.0,76.0,85.0,10,2002-4-27
286,Justin Kistner,COMPUTER,60.0,75.0,63.8,66.0,6,2003-7-13
287,Patricia Mason,MECHANICAL,77.0,99.0,16.0,97.0,7,2002-5-28
288,Karin Seipp,MECHANICAL,88.0,63.0,53.0,15.2,3,2003-8-14
289,Wayne Nash,MECHANICAL,80.0,58.0,56.5,98.0,2,2001-7-10
290,Melissa Anderson,COMPUTER,82.0,69.0,192.0,98.0,1,2001-4-16
291,Arthur Bardsley,ENTC,47.0,42.7,90.0,66.0,2,2003-11-3
292,Anita Sanders,COMPUTER,21.0,58.0,56.4,63.0,9,2002-5-26
293,Brandon Trevino,COMPUTER,39.0,93.0,22.0,87.0,1,2003-5-16
294,Scott Brock,COMPUTER,,43.1,44.0,56.0,8,2003-10-13
295,Martha White,COMPUTER,,100.0,11.0,27.4,9,2001-5-27
296,Julie Smith,COMPUTER,,61.0,49.0,23.6,9,2001-10-28
297,James White,ENTC,90.0,48.2,83.0,,4,2003-3-24
298,Carolyn Golden,COMPUTER,58.0,71.0,54.0,72.0,1,2001-4-13
299,George Rybij,ENTC,77.0,9.0,289.0,15.4,5,2001-11-15
300,Christopher Patterson,MECHANICAL,42.0,48.9,39.0,7.4,7,2002-3-28
301,Louis Alston,COMPUTER,39.0,,5.0,70.0,7,2003-12-12
302,Melissa Moore,ENTC,59.0,75.0,67.2,,4,2003-10-5
303,Maureen Hyder,COMPUTER,80.0,40.6,19.0,98.0,6,2002-4-8
304,Desiree Castellana,ENTC,73.0,68.0,36.0,71.0,3,2002-1-9
305,Mildred Crespo,COMPUTER,36.0,73.0,43.0,78.0,9,2002-2-22
306,Erin Gailey,COMPUTER,54.0,,98.0,5.2,9,2003-11-18
307,Thomas Defelice,MECHANICAL,100.0,71.0,60.9,,5,2001-5-26
308,Anthony Matthews,MECHANICAL,,3.0,232.0,49.0,4,2002-8-18
309,Alexandra Babonis,ENTC,,31.0,49.0,68.0,6,2002-9-13
310,George Posson,ENTC,70.0,40.2,79.0,34.1,7,2003-7-12
311,Timothy Neel,MECHANICAL,15.0,33.0,64.2,24.9,1,2001-10-20
312,Jacob Gordon,ENTC,93.0,63.0,54.0,100.0,8,2003-11-8
313,Arlene Rutherford,COMPUTER,45.0,54.9,64.4,,7,2002-4-24
314,Leon Jones,MECHANICAL,58.0,40.5,168.0,98.0,9,2003-9-21
315,Craig Olson,MECHANICAL,69.0,,21.0,,2,2003-4-24
316,Luis Tipton,MECHANICAL,64.0,69.0,65.6,56.0,3,2003-12-20
317,Jenifer Stinnett,MECHANICAL,57.0,73.0,93.0,17.5,5,2003-3-12
318,Edith North,COMPUTER,51.0,33.0,41.0,100.0,8,2003-9-13
319,David Moyer,MECHANICAL,36.0,98.0,26.0,74.0,9,2002-1-20
320,Maria Felix,COMPUTER,,93.0,42.0,93.0,9,2001-9-15
321,Debra Mensalvas,COMPUTER,53.0,68.0,49.0,51.0,10,2003-3-16
322,Matthew Honig,COMPUTER,24.0,64.0,55.0,54.0,6,2002-3-1
323,William Porte,ENTC,59.0,12.0,57.2,66.0,9,2003-9-22
324,John Ard,ENTC,7.0,77.0,36.0,76.0,6,2001-12-25
325,Nellie Sartori,COMPUTER,42.0,66.0,56.2,83.0,7,2001-3-24
326,Maya Garland,COMPUTER,,,31.0,93.0,10,2003-6-24
327,Donna Enriguez,COMPUTER,80.0,66.0,63.0,81.0,3,2002-2-15
328,Maya Labadie,COMPUTER,54.0,23.0,20.0,61.0,10,2002-6-26
329,Judy Kelly,COMPUTER,51.0,,43.0,64.0,3,2002-9-16
330,Richard Miller,COMPUTER,,36.7,4.0,55.0,1,2003-1-30
331,Juanita Sproull,ENTC,19.0,73.0,16.0,,10,2002-6-4
332,Everett Thompson,ENTC,63.0,64.0,34.0,67.0,6,2002-11-17
333,Melissa Evans,COMPUTER,87.0,16.0,64.5,58.0,10,2002-6-8
334,Jesse Vogel,COMPUTER,36.0,58.0,92.0,82.0,9,2001-9-12
335,Mary Sylva,COMPUTER,55.0,92.0,27.0,,7,2002-12-25
336,Jeff Douglas,COMPUTER,56.0,,38.0,89.0,2,2001-4-16
337,Tina Ryan,MECHANICAL,24.0,19.0,70.6,95.0,4,2001-9-23
338,David Drummond,COMPUTER,99.0,66.0,20.0,16.0,5,2001-7-15
339,Kenneth Mcknight,ENTC,,57.0,67.3,13.3,10,2003-11-28
340,Phillip Comee,COMPUTER,59.0,17.0,92.0,86.0,10,2002-10-7
341,Virginia Luna,MECHANICAL,73.0,29.0,60.4,,9,2003-9-22
342,Bobby Gaddie,COMPUTER,49.0,61.0,215.0,79.0,10,2002-5-18
343,Ray Mccue,COMPUTER,72.0,,98.0,63.0,5,2001-11-18
344,Rudy Thomas,MECHANICAL,89.0,99.0,4.0,52.0,9,2001-8-25
345,Florence Hughes,COMPUTER,53.0,45.8,180.0,77.0,3,2003-6-28
346,John Harrington,MECHANICAL,59.0,84.0,88.0,100.0,1,2003-6-10
347,John Jackson,MECHANICAL,38.0,100.0,22.0,59.0,3,2001-3-9
348,Ralph Pannell,MECHANICAL,80.0,56.0,98.0,86.0,4,2003-9-16
349,Heather Lee,COMPUTER,,91.0,38.0,89.0,8,2003-2-21
350,Patricia Gerbatz,COMPUTER,,33.0,77.0,55.0,3,2002-6-19
351,Effie Barnhart,ENTC,37.0,17.0,68.1,82.0,7,2001-8-25
352,William Laureano,MECHANICAL,,60.0,236.0,79.0,7,2003-4-22
353,Robert Chevalier,COMPUTER,97.0,28.0,67.3,100.0,6,2003-4-1
354,Rosemary Sutton,MECHANICAL,,,18.0,41.0,10,2003-12-7
355,James Breeding,COMPUTER,97.0,17.0,54.0,85.0,7,2003-12-30
356,Jamie Unterseher,COMPUTER,46.0,86.0,80.0,69.0,6,2001-9-14
357,Rebecca Mathwich,MECHANICAL,79.0,13.0,13.0,80.0,3,2003-12-25
358,Joseph House,ENTC,62.0,69.0,54.0,36.0,4,2002-2-12
359,Christy Perry,MECHANICAL,64.0,,12.0,80.0,7,2003-11-3
360,Edna Lemire,ENTC,43.0,72.0,19.0,62.0,3,2001-6-12
361,Cindy Jones,COMPUTER,,,54.0,67.0,4,2001-5-2
362,Donna Williams,COMPUTER,61.0,47.7,62.6,75.0,1,2001-10-17
363,Mary Murphy,COMPUTER,,72.0,48.0,66.0,4,2003-5-27
364,Gail Babbitt,MECHANICAL,,54.5,18.0,76.0,7,2001-1-14
365,Beatrice Muller,ENTC,57.0,66.0,33.0,45.0,2,2003-3-19
366,Mary Mckee,ENTC,91.0,4.0,36.0,16.8,10,2002-7-18
367,Eleanor Mason,COMPUTER,56.0,,49.0,48.0,9,2001-5-21
368,Ronald Armbruster,ENTC,43.0,21.0,46.0,19.4,7,2001-2-15
369,Patrick Turner,COMPUTER,77.0,13.0,187.0,15.8,10,2001-8-4
370,Betty Mapston,MECHANICAL,27.0,27.0,225.0,100.0,1,2001-9-19
371,Edna Shupe,COMPUTER,68.0,4.0,72.7,74.0,7,2001-9-2
372,Emil Mcclung,MECHANICAL,54.0,63.0,280.0,,9,2002-11-30
373,Alvin Sturgeon,COMPUTER,75.0,87.0,267.0,56.0,2,2003-9-28
374,Wanda Robison,MECHANICAL,29.0,88.0,61.7,57.0,5,2001-12-11
375,Brandon Yelverton,ENTC,39.0,43.2,32.0,23.2,5,2003-4-10
376,Jolyn Davison,COMPUTER,90.0,57.0,9.0,76.0,1,2001-7-3
377,Charles Gallo,COMPUTER,2.0,56.0,20.0,58.0,9,2001-11-20
378,Wilton Zietlow,COMPUTER,48.0,,31.0,42.0,8,2001-1-22
379,Kenneth Knight,COMPUTER,,5.0,38.0,28.9,6,2002-11-13
380,Melissa Painter,COMPUTER,,77.0,44.0,38.0,3,2003-7-26
381,Chery Ma,ENTC,71.0,99.0,94.0,28.9,3,2002-6-2
382,Alberto Folkers,COMPUTER,62.0,56.0,194.0,43.0,3,2002-11-29
383,Jaimie Smith,COMPUTER,8.0,90.0,58.7,79.0,5,2002-12-6
384,John Sheppard,MECHANICAL,50.0,82.0,70.2,52.0,1,2001-12-9
385,Brian Mcneil,ENTC,81.0,50.7,45.0,65.0,4,2002-6-28
386,Vivian Hemphill,MECHANICAL,67.0,99.0,74.1,4.2,1,2002-4-30
387,James Nay,COMPUTER,,10.0,52.0,63.0,2,2003-7-12
388,Pamela Harrison,COMPUTER,,45.1,87.0,77.0,6,2001-7-29
389,Sheri Vaughan,ENTC,93.0,98.0,49.0,20.0,6,2001-10-19
390,Eric Pina,COMPUTER,80.0,78.0,53.0,86.0,4,2003-11-26
391,Larry Scott,MECHANICAL,62.0,75.0,61.6,71.0,9,2001-10-24
392,Lee Rowe,MECHANICAL,53.0,64.0,27.0,100.0,7,2001-8-17
393,Raymond Terry,ENTC,91.0,80.0,32.0,,3,2001-3-16
394,Charlene Bevis,ENTC,93.0,61.0,36.0,19.6,8,2002-5-30
395,Janice Pettengill,MECHANICAL,43.0,40.0,57.4,85.0,4,2001-9-3
396,Peter Redd,MECHANICAL,43.0,4.0,70.7,82.0,2,2003-8-19
397,Daniel Lewis,MECHANICAL,,,14.0,87.0,8,2001-11-19
398,Joseph Mccain,MECHANICAL,65.0,26.0,17.0,6.2,4,2002-12-14
399,Charles Aultman,COMPUTER,81.0,18.0,19.0,55.0,10,2002-3-25
400,Tara Parent,COMPUTER,46.0,,81.0,11.6,8,2002-3-22
401,Pamela Ange,ENTC,62.0,72.0,74.9,84.0,4,2002-1-30
402,Dana Marrero,ENTC,88.0,99.0,41.0,94.0,9,2001-8-8
403,Jamie Simms,MECHANICAL,45.0,60.0,59.3,35.0,3,2003-3-18
404,Lauren Swift,ENTC,71.0,47.2,78.0,62.0,5,2001-6-24
405,Michael Close,COMPUTER,32.0,48.2,7.0,42.0,8,2003-12-13
406,George Smith,COMPUTER,77.0,66.0,88.0,,6,2001-9-25
407,John Miller,COMPUTER,,39.3,72.6,61.0,4,2001-6-13
408,William Rosales,COMPUTER,47.0,96.0,32.0,,2,2003-5-27
409,Vanessa Bartlett,ENTC,80.0,59.0,12.0,17.0,5,2001-6-16
410,Karen Rock,COMPUTER,,,69.6,19.5,6,2002-2-17
411,Elizabeth Fannin,COMPUTER,,42.9,48.0,21.8,7,2001-12-4
412,Mary Fortin,MECHANICAL,73.0,25.0,27.0,33.5,5,2001-7-2
413,Charles Chiarello,ENTC,79.0,9.0,73.3,,7,2002-6-21
414,John Murphy,COMPUTER,,39.6,54.0,22.0,2,2003-1-4
415,Paula Walker,MECHANICAL,,18.0,69.4,89.0,6,2003-12-30
416,Ingrid Philbrook,ENTC,53.0,95.0,74.6,78.0,6,2002-10-16
417,Heather Long,COMPUTER,,67.0,26.0,56.0,5,2001-1-22
418,Daren Ufford,ENTC,73.0,43.2,246.0,2.9,9,2001-12-13
419,Barbara Albaladejo,MECHANICAL,53.0,73.0,24.0,64.0,9,2001-5-11
420,Anna Gasaway,ENTC,89.0,63.0,62.8,33.0,8,2001-3-17
421,John Voelkel,COMPUTER,82.0,66.0,2.0,6.0,7,2002-9-14
422,Michael Scholes,COMPUTER,71.0,68.0,61.8,69.0,6,2002-4-3
423,Charles Tuenge,ENTC,52.0,32.0,13.0,,10,2002-2-10
424,Steven Sinclair,COMPUTER,2.0,60.0,53.0,45.0,10,2001-7-7
425,Anna Moshier,MECHANICAL,77.0,,35.0,69.0,1,2003-8-13
426,George Barnett,ENTC,46.0,17.0,64.5,77.0,1,2003-1-12
427,Leslie Olivarez,COMPUTER,100.0,53.7,89.0,62.0,4,2001-8-5
428,Gerald Graham,COMPUTER,,66.0,253.0,,6,2001-4-30
429,Tracy Parker,ENTC,,76.0,70.5,,1,2003-7-26
430,Janell Moore,COMPUTER,44.0,40.4,85.0,1.2,4,2001-3-12
431,Carolyn Wood,COMPUTER,92.0,79.0,37.0,1.4,8,2001-1-27
432,Michael Nieves,COMPUTER,57.0,,179.0,41.0,8,2003-12-10
433,Frank Quinn,MECHANICAL,22.0,19.0,73.7,,8,2001-6-5
434,Jeffrey Steitz,ENTC,89.0,64.0,40.0,93.0,3,2003-11-25
435,Anna Sheffield,MECHANICAL,,13.0,74.7,33.3,3,2003-10-23
436,Anthony Lopez,COMPUTER,7.0,,99.0,81.0,9,2003-11-26
437,James Dority,COMPUTER,,67.0,51.0,85.0,10,2001-8-18
438,Arthur Sluka,COMPUTER,,7.0,29.0,2.2,1,2001-4-7
439,Julius Toppa,COMPUTER,37.0,58.0,66.3,,7,2001-8-17
440,Mary Ritz,ENTC,57.0,35.8,47.0,6.7,1,2002-5-6
441,Terri Gray,ENTC,59.0,100.0,58.4,87.0,1,2003-2-10
442,James Reffitt,MECHANICAL,28.0,26.0,54.0,69.0,1,2003-12-12
443,Cynthia Appling,COMPUTER,67.0,31.0,100.0,,9,2001-12-3
444,Leslie Mccaslin,MECHANICAL,63.0,49.0,68.0,92.0,4,2001-1-20
445,Donald Jenkins,COMPUTER,83.0,2.0,55.0,62.0,2,2003-1-25
446,Helen Dion,MECHANICAL,70.0,99.0,69.0,65.0,10,2001-10-18
447,Angela Oliver,MECHANICAL,60.0,17.0,15.0,94.0,8,2002-1-1
448,Michael Brinkman,MECHANICAL,70.0,33.0,54.0,64.0,7,2001-12-13
449,Dorothy Cooper,COMPUTER,94.0,35.0,77.0,43.0,4,2001-1-21
450,Maryellen Kohnke,MECHANICAL,,58.0,73.9,63.0,9,2002-2-26
451,Maggie Martinez,COMPUTER,48.0,8.0,47.0,,1,2001-8-10
452,Arthur Reyes,MECHANICAL,13.0,34.0,7.0,16.7,5,2001-11-12
453,Donald Parker,COMPUTER,87.0,93.0,1.0,72.0,4,2003-8-11
454,Dorothy Torros,COMPUTER,52.0,9.0,71.7,46.0,9,2002-11-25
455,Joseph Morris,MECHANICAL,,76.0,78.0,,2,2002-2-8
456,Cheryl Taylor,COMPUTER,55.0,82.0,295.0,14.9,8,2003-9-13
457,Natalie Parsons,COMPUTER,47.0,,38.0,90.0,2,2001-11-21
458,Michelle Calderon,ENTC,21.0,72.0,13.0,53.0,5,2002-1-30
459,Misty Houston,MECHANICAL,60.0,35.0,62.0,99.0,10,2001-8-25
460,Michelle Duran,ENTC,92.0,3.0,53.0,60.0,10,2003-10-17
461,Christopher Norman,ENTC,52.0,46.9,33.0,52.0,10,2002-8-8
462,Patrick Schmidt,ENTC,75.0,5.0,6.0,,7,2002-11-10
463,Alex Torres,COMPUTER,47.0,20.0,60.3,58.0,10,2001-5-5
464,Howard Gray,MECHANICAL,38.0,5.0,1.0,93.0,9,2002-3-27
465,Malcolm Blackburn,MECHANICAL,,62.0,7.0,,8,2001-9-25
466,Ella Everette,COMPUTER,63.0,40.0,91.0,66.0,7,2001-4-6
467,Charlotte Marquez,COMPUTER,50.0,94.0,21.0,64.0,7,2003-8-28
468,Kevin Carr,MECHANICAL,2.0,,231.0,94.0,2,2003-7-11
469,Louis Salem,COMPUTER,77.0,71.0,56.0,32.6,2,2002-8-27
470,Joseph Arredondo,ENTC,50.0,38.0,15.0,71.0,5,2003-6-17
471,Deborah Norris,COMPUTER,20.0,1.0,67.3,,9,2001-6-20
472,Sandra Thompson,MECHANICAL,90.0,68.0,11.0,75.0,5,2003-5-20
473,Scott Franklin,MECHANICAL,72.0,18.0,95.0,50.0,3,2003-3-21
474,Ricky Allen,COMPUTER,52.0,3.0,1.0,96.0,4,2003-10-14
475,Faye Meyers,ENTC,83.0,52.9,21.0,65.0,1,2003-1-3
476,Joseph Farley,COMPUTER,3.0,97.0,182.0,,5,2001-4-26
477,Kathryn Johns,COMPUTER,12.0,76.0,39.0,94.0,6,2002-9-6
478,Barbra Franco,MECHANICAL,56.0,74.0,72.3,,10,2003-5-4
479,Charlena Jarvis,COMPUTER,100.0,54.5,30.0,31.5,10,2003-8-18
480,Joseph Tanner,ENTC,90.0,69.0,27.0,32.9,1,2001-6-2
481,Aaron Ferreira,COMPUTER,44.0,70.0,25.0,70.0,5,2001-9-5
482,Harriett Green,ENTC,55.0,74.0,62.4,95.0,5,2002-4-4
483,Florence Walker,MECHANICAL,45.0,49.8,42.0,61.0,7,2003-9-8
484,Christine Devito,MECHANICAL,53.0,52.2,40.0,20.2,10,2001-12-17
485,Donald Provencal,ENTC,38.0,19.0,80.0,56.0,2,2001-4-1
486,Jon Otto,COMPUTER,66.0,,37.0,31.8,2,2002-9-29
487,Winfred Jones,COMPUTER,33.0,90.0,71.2,10.7,6,2003-12-8
488,Chad Blakney,COMPUTER,70.0,80.0,281.0,62.0,1,2002-10-12
489,Ronald Stoudenmire,ENTC,95.0,57.0,245.0,22.7,4,2002-8-30
490,Carol Hickey,ENTC,59.0,73.0,63.1,61.0,8,2001-1-8
491,Betty Amerman,COMPUTER,18.0,86.0,36.0,33.1,3,2002-6-29
492,Ted Gonzalez,MECHANICAL,51.0,35.0,58.7,62.0,8,2003-6-26
493,Michael Williams,MECHANICAL,,,58.6,98.0,9,2001-7-9
494,Diana Baillargeon,MECHANICAL,8.0,86.0,22.0,98.0,9,2003-12-24
495,Deborah Hochstetler,ENTC,56.0,20.0,21.0,29.5,7,2002-10-8
496,Karen Price,COMPUTER,13.0,,42.0,27.2,6,2001-1-14
497,Carolyn Davis,ENTC,47.0,,36.0,58.0,1,2002-2-27
498,Henry White,COMPUTER,36.0,37.4,50.0,79.0,8,2002-5-7
499,Robert Allen,COMPUTER,25.0,62.0,1.0,,5,2003-3-2
500,Roosevelt Currie,ENTC,39.0,98.0,66.2,75.0,6,2003-4-25
501,Eleanor Hill,COMPUTER,58.0,40.7,36.0,,6,2003-4-23
502,Francisco Loveless,ENTC,,9.0,6.0,5.5,9,2002-4-21
503,Taylor Garceau,ENTC,70.0,,88.0,,4,2003-11-28
504,Dennis Kimmel,ENTC,72.0,56.0,50.0,,4,2002-10-6
505,Brynn Macdonald,COMPUTER,79.0,93.0,35.0,46.0,2,2003-9-9
506,Gayle Pickering,COMPUTER,37.0,7.0,67.0,88.0,6,2002-1-23
507,Paulette Woytowich,COMPUTER,25.0,,15.0,54.0,3,2002-12-30
508,Kristie Stevens,MECHANICAL,92.0,82.0,45.0,56.0,2,2001-5-11
509,Maria Ward,COMPUTER,21.0,27.0,70.5,83.0,4,2003-1-30
510,Paul Renk,COMPUTER,64.0,12.0,80.0,21.8,2,2003-4-13
511,Tammy Hampton,COMPUTER,,91.0,2.0,6.0,2,2002-1-26
512,Daniel Owens,COMPUTER,36.0,59.0,63.0,,4,2002-11-14
513,Beatrice Petersen,MECHANICAL,75.0,37.2,68.4,75.0,2,2003-11-6
514,Michael Alsip,ENTC,89.0,82.0,23.0,,8,2001-12-16
515,Dana Williams,ENTC,43.0,65.0,5.0,,2,2003-9-29
516,Kenneth Sydnor,ENTC,53.0,65.0,70.9,19.2,6,2001-2-12
517,Guy Brown,COMPUTER,18.0,24.0,52.0,,1,2001-1-6
518,Christopher Rice,ENTC,99.0,98.0,74.0,76.0,9,2003-11-24
519,Earlene Guild,COMPUTER,91.0,85.0,92.0,85.0,1,2001-7-9
520,Wendy Castro,MECHANICAL,39.0,26.0,38.0,90.0,2,2002-6-13
521,Richard Watson,MECHANICAL,58.0,41.5,82.0,59.0,3,2003-8-18
522,Lois Fronczak,ENTC,73.0,11.0,19.0,40.0,6,2001-9-18
523,Diana Overton,COMPUTER,33.0,98.0,96.0,55.0,1,2003-11-2
524,Kimberly Maxfield,MECHANICAL,65.0,62.0,96.0,55.0,5,2002-6-19
525,Johnny Vessey,COMPUTER,84.0,82.0,40.0,58.0,10,2003-7-30
526,Wilda Dailey,MECHANICAL,18.0,62.0,210.0,33.2,6,2002-5-29
527,Robert Magee,COMPUTER,47.0,75.0,54.0,56.0,4,2002-1-6
528,William Thompson,COMPUTER,76.0,92.0,71.3,15.2,1,2003-3-1
529,Doris Luttrell,COMPUTER,74.0,58.0,45.0,88.0,8,2001-2-17
530,Carmela Crown,ENTC,46.0,27.0,51.0,44.0,9,2001-12-11
531,Guy Babbitt,MECHANICAL,42.0,100.0,54.0,60.0,4,2001-2-13
532,Dorothy Boehman,ENTC,49.0,16.0,38.0,22.4,7,2002-2-11
533,Anna Patton,COMPUTER,30.0,13.0,288.0,,6,2001-2-3
534,Kelly Woo,COMPUTER,94.0,25.0,52.0,63.0,4,2001-8-15
535,Justin Vidales,COMPUTER,42.0,,58.2,,5,2003-11-19
536,Samuel Snowden,ENTC,43.0,44.0,69.9,20.5,4,2003-5-10
537,Kathy Delossantos,COMPUTER,80.0,,193.0,58.0,4,2002-11-11
538,Rick Wilkinson,COMPUTER,79.0,61.0,267.0,26.3,2,2001-3-9
539,Vickie Haney,COMPUTER,48.0,75.0,216.0,74.0,6,2002-1-7
540,Roger Gurney,ENTC,38.0,84.0,70.0,72.0,7,2001-3-13
541,Dominique Hammond,ENTC,,10.0,46.0,80.0,10,2003-10-9
542,Gemma Frank,COMPUTER,39.0,78.0,58.2,,7,2003-9-17
543,Gail Bolla,MECHANICAL,73.0,,42.0,,6,2002-8-16
544,Jimmy Dover,ENTC,89.0,25.0,1.0,26.8,1,2003-11-6
545,Foster Brown,COMPUTER,75.0,88.0,72.7,85.0,8,2001-4-23
546,Suzanne Dobbs,COMPUTER,93.0,,32.0,63.0,1,2001-7-21
547,James Darrigo,MECHANICAL,47.0,,40.0,85.0,1,2002-12-4
548,Andrea Sheppard,COMPUTER,27.0,28.0,25.0,65.0,6,2002-7-30
549,Latonia Rodriguez,COMPUTER,69.0,,75.0,,10,2003-2-24
550,Edith Battey,COMPUTER,68.0,46.6,97.0,78.0,7,2001-1-30
551,Janine Coley,COMPUTER,,67.0,74.5,77.0,2,2003-12-20
552,Sidney Pineda,COMPUTER,69.0,1.0,66.3,5.4,9,2002-6-15
553,Hien Guin,ENTC,57.0,96.0,162.0,14.5,7,2002-3-17
554,Antonia Szekely,COMPUTER,69.0,21.0,82.0,87.0,9,2001-7-6
555,Alyssa Jones,COMPUTER,43.0,67.0,46.0,20.5,2,2001-5-15
556,William Thole,MECHANICAL,23.0,27.0,62.6,,9,2003-3-18
557,Norma Lisbey,COMPUTER,58.0,100.0,16.0,,8,2002-2-2
558,Norman Hayes,ENTC,40.0,24.0,217.0,73.0,5,2002-9-16
559,Milton Ibrahim,MECHANICAL,53.0,,17.0,61.0,8,2002-5-7
560,Robert Grubbs,MECHANICAL,77.0,81.0,42.0,53.0,9,2003-11-18
561,Robert Garrison,COMPUTER,98.0,100.0,190.0,94.0,9,2003-6-6
562,Vera Nicholas,ENTC,59.0,91.0,63.0,92.0,10,2001-1-5
563,Lonny Nelson,COMPUTER,55.0,,56.7,44.0,1,2002-5-20
564,Samuel Ealand,COMPUTER,36.0,24.0,90.0,99.0,5,2001-3-12
565,Fred Mutchler,COMPUTER,,15.0,251.0,23.4,5,2002-5-15
566,Johana Cleveland,MECHANICAL,34.0,18.0,66.1,7.7,10,2002-10-29
567,Mary Manley,MECHANICAL,39.0,68.0,25.0,,1,2002-2-2
568,Dolores Ford,ENTC,,58.0,71.3,56.0,3,2001-9-24
569,Nolan Brei,COMPUTER,76.0,85.0,5.0,78.0,8,2001-2-6
570,Ramiro Kervin,COMPUTER,,65.0,30.0,73.0,7,2003-3-6
571,Loretta Brown,COMPUTER,40.0,96.0,18.0,,8,2002-12-9
572,Mary Wms,COMPUTER,50.0,59.0,35.0,40.0,5,2001-1-25
573,Deborah Phagan,COMPUTER,37.0,58.0,23.0,89.0,7,2001-4-4
574,Milton Jenkins,COMPUTER,62.0,87.0,6.0,18.2,7,2002-2-10
575,Jason Hanson,COMPUTER,80.0,33.0,1.0,74.0,3,2002-2-7
576,Vera Strunk,MECHANICAL,32.0,,36.0,1.5,4,2002-10-26
577,Christina Shaffstall,COMPUTER,60.0,53.9,99.0,78.0,3,2001-5-9
578,Robert Mckinney,COMPUTER,88.0,40.8,2.0,57.0,10,2003-3-18
579,Gail Parton,COMPUTER,44.0,31.0,4.0,20.5,5,2001-4-5
580,Harry Clark,COMPUTER,96.0,86.0,84.0,51.0,1,2003-5-10
581,Pamela Hudnall,MECHANICAL,81.0,,51.0,66.0,5,2003-1-18
582,Peter Pickett,COMPUTER,65.0,54.0,40.0,91.0,2,2003-5-16
583,Michael Patel,COMPUTER,31.0,,60.4,68.0,7,2003-4-4
584,Anna Rock,COMPUTER,43.0,97.0,246.0,61.0,9,2001-3-24
585,Phillip Keenan,MECHANICAL,86.0,74.0,59.5,84.0,4,2001-3-10
586,Melonie Meadows,COMPUTER,53.0,98.0,72.0,,2,2002-5-19
587,James Land,MECHANICAL,52.0,75.0,9.0,37.0,2,2002-7-9
588,Mary Carter,COMPUTER,56.0,57.0,34.0,6.3,3,2002-1-11
589,Michael Robinson,COMPUTER,90.0,91.0,5.0,56.0,9,2002-10-14
590,Martha Butler,MECHANICAL,67.0,46.1,287.0,97.0,10,2003-5-14
591,Claudia Terry,COMPUTER,79.0,67.0,248.0,69.0,2,2002-1-8
592,Steven Maeder,COMPUTER,13.0,82.0,9.0,75.0,1,2002-10-11
593,Mark Lopez,ENTC,,82.0,82.0,6.5,5,2001-4-29
594,Tonia Lewis,COMPUTER,41.0,,161.0,4.2,3,2001-2-4
595,Michael Lewis,MECHANICAL,50.0,22.0,48.0,76.0,8,2002-6-25
596,Michelle Salcedo,COMPUTER,78.0,51.1,58.5,48.0,6,2002-10-5
597,Joseph Mcconnell,COMPUTER,79.0,71.0,65.1,33.5,8,2002-1-19
598,Freddy Stanton,COMPUTER,90.0,6.0,282.0,42.0,6,2002-8-5
599,Carla Jackson,MECHANICAL,,69.0,79.0,93.0,1,2003-6-10
600,Allene Meecham,ENTC,46.0,13.0,29.0,98.0,9,2002-7-30
601,Carl Auld,ENTC,58.0,22.0,98.0,,7,2001-6-12
602,Lena Davis,MECHANICAL,2.0,72.0,42.0,29.4,6,2003-7-6
603,Charles Ruhlin,COMPUTER,31.0,27.0,55.0,89.0,2,2002-12-12
604,Ramon Sluka,COMPUTER,86.0,75.0,19.0,2.7,1,2001-11-26
605,Rosa Dougherty,COMPUTER,,99.0,69.7,,3,2003-12-22
606,Stanley Hernandez,COMPUTER,100.0,74.0,61.6,96.0,4,2001-12-10
607,Betsy Robbins,MECHANICAL,90.0,,31.0,28.8,10,2002-3-6
608,Paulette Moore,COMPUTER,50.0,98.0,73.5,34.8,9,2002-9-28
609,Carole Ledford,ENTC,93.0,,77.0,71.0,5,2002-9-12
610,Andrew Leth,ENTC,60.0,46.1,5.0,,3,2003-10-29
611,Harry Valdez,ENTC,10.0,51.9,53.0,86.0,10,2002-8-22
612,Helen Jewell,MECHANICAL,41.0,,15.0,80.0,9,2003-12-30
613,George Scordato,MECHANICAL,50.0,69.0,46.0,87.0,5,2001-5-12
614,Laura Beard,MECHANICAL,24.0,73.0,42.0,,9,2001-9-20
615,Theresa Mastin,COMPUTER,88.0,65.0,291.0,61.0,7,2002-4-17
616,Hazel Moore,COMPUTER,87.0,11.0,30.0,56.0,7,2003-9-25
617,Jay Walp,COMPUTER,31.0,95.0,68.1,93.0,1,2003-9-24
618,Roland Lieu,MECHANICAL,62.0,4.0,35.0,96.0,9,2002-1-14
619,George John,MECHANICAL,97.0,28.0,25.0,49.0,10,2001-11-12
620,Alda Smith,COMPUTER,84.0,59.0,12.0,52.0,5,2003-7-21
621,Florence Morin,COMPUTER,47.0,18.0,4.0,93.0,9,2002-5-3
622,Richard Sherrill,COMPUTER,21.0,69.0,42.0,73.0,8,2001-1-27
623,Sharon Williams,COMPUTER,13.0,87.0,57.7,100.0,9,2002-8-19
624,William Salazar,MECHANICAL,94.0,20.0,11.0,25.7,3,2001-4-30
625,Estelle Robinson,ENTC,58.0,47.0,209.0,50.0,9,2001-3-29
626,Tammy Smith,COMPUTER,51.0,15.0,52.0,,7,2001-5-13
627,Kathryn Ochoa,COMPUTER,68.0,23.0,41.0,27.5,5,2002-2-8
628,Jean King,COMPUTER,42.0,11.0,20.0,58.0,8,2002-5-6
629,Randal Vesco,MECHANICAL,19.0,40.8,64.8,49.0,9,2003-8-11
630,Velma Brady,COMPUTER,13.0,72.0,39.0,14.2,4,2003-4-5
631,Bret Goode,MECHANICAL,65.0,7.0,100.0,23.2,5,2002-7-11
632,Betty Dewick,COMPUTER,68.0,3.0,76.0,58.0,7,2001-11-1
633,Hyun Dickerson,COMPUTER,41.0,,14.0,32.8,1,2003-1-15
634,Doris Wiley,ENTC,,81.0,72.8,13.3,2,2001-10-25
635,Donna Luckie,MECHANICAL,65.0,92.0,207.0,46.0,10,2003-7-28
636,James Chambers,COMPUTER,,99.0,45.0,66.0,5,2003-3-7
637,Janet Krueger,COMPUTER,77.0,56.0,199.0,90.0,5,2002-10-11
638,Geraldine Peters,COMPUTER,66.0,18.0,300.0,66.0,3,2002-4-21
639,Melvin Alexander,COMPUTER,70.0,73.0,52.0,81.0,8,2001-7-10
640,Mary Carlson,ENTC,,67.0,29.0,6.0,2,2002-1-9
641,William Bowers,COMPUTER,94.0,15.0,34.0,68.0,7,2003-6-12
642,Stephane Boyett,COMPUTER,82.0,14.0,2.0,13.4,7,2002-2-26
643,Debra Mcinnis,ENTC,43.0,80.0,44.0,58.0,4,2003-9-29
644,April Michael,MECHANICAL,,44.5,21.0,77.0,10,2002-7-15
645,Renee Brown,ENTC,,20.0,8.0,58.0,6,2003-10-7
646,Lillian Cardone,ENTC,69.0,26.0,23.0,85.0,8,2002-4-17
647,Eugena Newhouse,COMPUTER,63.0,75.0,272.0,7.3,8,2003-10-29
648,James Landsman,MECHANICAL,,61.0,18.0,65.0,7,2003-3-17
649,Jenell Jone,COMPUTER,,72.0,86.0,,4,2003-12-11
650,Lori Meyer,MECHANICAL,58.0,22.0,16.0,33.9,2,2001-9-26
651,David Brawn,COMPUTER,,54.8,28.0,,7,2002-9-26
652,Diane Bautista,COMPUTER,90.0,95.0,209.0,99.0,7,2001-7-20
653,Joesph Singleton,ENTC,74.0,80.0,44.0,,7,2002-7-22
654,Dianne Guay,COMPUTER,47.0,35.0,39.0,20.6,6,2002-6-16
655,Anna Mcmanus,COMPUTER,85.0,56.0,11.0,80.0,5,2003-4-1
656,Ann Snellen,ENTC,83.0,73.0,251.0,25.4,6,2002-1-23
657,Esperanza Losinski,MECHANICAL,43.0,85.0,57.3,96.0,7,2003-1-13
658,Maxine Bonilla,ENTC,43.0,87.0,24.0,33.9,6,2002-1-28
659,Alice Hill,MECHANICAL,40.0,,39.0,31.1,8,2003-3-7
660,Melissa Rader,COMPUTER,65.0,24.0,41.0,94.0,1,2002-9-10
661,Robert Young,ENTC,50.0,1.0,73.7,81.0,6,2001-7-1
662,Warren Edgington,MECHANICAL,40.0,2.0,73.2,85.0,3,2003-10-19
663,Linda Oros,MECHANICAL,,88.0,6.0,,8,2002-11-16
664,Alice Williams,COMPUTER,77.0,36.6,84.0,56.0,1,2001-2-13
665,Richard Kennedy,COMPUTER,,98.0,61.6,8.0,6,2002-10-20
666,Bill Peterson,COMPUTER,,31.0,252.0,29.6,9,2001-8-15
667,Joseph Ragland,MECHANICAL,99.0,35.5,7.0,49.0,2,2003-9-28
668,James Loy,ENTC,,61.0,259.0,,6,2001-1-24
669,Elmer Vermillion,COMPUTER,66.0,66.0,98.0,93.0,7,2001-6-7
670,Anne Hillebrandt,COMPUTER,,65.0,83.0,72.0,8,2002-5-21
671,Gilda Coleman,COMPUTER,45.0,73.0,20.0,41.0,10,2003-7-10
672,Mary Moutoux,COMPUTER,65.0,17.0,14.0,1.2,10,2001-8-1
673,Michael Helfritz,ENTC,2.0,100.0,65.1,8.3,8,2002-12-6
674,Velia Allen,ENTC,93.0,100.0,277.0,19.4,10,2001-8-8
675,Berry Robinson,MECHANICAL,32.0,,71.0,76.0,7,2002-12-29
676,Jerry Burt,MECHANICAL,36.0,4.0,62.4,,8,2002-2-8
677,Toni Rogers,MECHANICAL,40.0,65.0,18.0,,2,2003-9-3
678,Melissa Young,ENTC,43.0,100.0,83.0,,6,2001-10-29
679,Dorothy Castillo,MECHANICAL,91.0,87.0,65.0,6.8,9,2001-11-21
680,Roy Stevenson,MECHANICAL,64.0,72.0,64.5,5.5,8,2002-7-16
681,Rachel Chisolm,COMPUTER,95.0,5.0,51.0,41.0,7,2003-10-23
682,Sarah Ream,COMPUTER,87.0,72.0,24.0,6.9,9,2002-8-23
683,Nancy Harrington,COMPUTER,,12.0,67.4,20.0,5,2001-12-5
684,Jean Ray,MECHANICAL,,90.0,73.4,47.0,5,2001-3-21
685,Alfonso Vancuren,COMPUTER,71.0,82.0,64.2,23.3,2,2003-12-6
686,Carla Hudson,MECHANICAL,65.0,6.0,73.4,66.0,7,2003-10-8
687,Dennis West,MECHANICAL,89.0,94.0,74.9,,9,2002-8-19
688,Kenneth Thompson,MECHANICAL,61.0,44.6,56.5,58.0,5,2003-8-21
689,Jose Neher,COMPUTER,14.0,20.0,70.8,87.0,2,2001-7-7
690,Matthew Mccard,COMPUTER,50.0,14.0,55.0,,6,2002-7-7
691,John Marrin,COMPUTER,,33.0,43.0,60.0,10,2003-9-17
692,Rosemarie Yau,MECHANICAL,,7.0,46.0,80.0,7,2001-8-13
693,Paul Hall,ENTC,,,51.0,,6,2002-6-25
694,Anna Parker,ENTC,48.0,41.4,5.0,72.0,9,2003-7-23
695,Norma Brinkly,COMPUTER,,,34.0,57.0,2,2001-8-30
696,Classie Burtt,COMPUTER,36.0,81.0,56.1,38.0,9,2003-2-16
697,Louise Barr,COMPUTER,,,220.0,40.0,2,2002-9-12
698,Arthur Omar,MECHANICAL,59.0,89.0,11.0,59.0,10,2001-11-10
699,Noreen Diaz,COMPUTER,15.0,,74.0,44.0,8,2003-11-24
700,Milton Vang,COMPUTER,28.0,82.0,9.0,80.0,1,2002-9-26
701,Cyril Wilkinson,COMPUTER,51.0,,44.0,43.0,7,2001-7-14
702,Charlie Houston,COMPUTER,62.0,96.0,30.0,12.8,2,2001-10-13
703,Douglas Tucker,MECHANICAL,58.0,91.0,52.0,59.0,2,2002-4-10
704,Richard Cote,COMPUTER,96.0,84.0,43.0,60.0,6,2003-3-6
705,Brian Devine,MECHANICAL,92.0,43.2,69.3,74.0,3,2001-4-12
706,Jack Davis,COMPUTER,52.0,35.0,74.9,99.0,6,2001-8-25
707,Antonia Brooks,COMPUTER,14.0,100.0,19.0,,2,2001-12-15
708,John Francis,COMPUTER,96.0,36.3,83.0,,1,2002-12-23
709,Herminia Newman,ENTC,42.0,100.0,64.5,,10,2003-3-24
710,June Glenn,MECHANICAL,64.0,28.0,59.0,79.0,7,2001-8-27
711,Velma Marshall,ENTC,39.0,97.0,174.0,70.0,7,2003-6-17
712,Romeo Watts,MECHANICAL,85.0,24.0,72.5,5.3,4,2001-3-15
713,Donald Brown,COMPUTER,53.0,17.0,78.0,12.9,7,2003-2-11
714,John Carpenter,COMPUTER,88.0,90.0,214.0,20.4,6,2001-3-27
715,Opal Jackson,ENTC,81.0,56.0,80.0,44.0,4,2002-10-5
716,Christi Spaur,ENTC,60.0,7.0,12.0,75.0,10,2002-12-21
717,Richard Porter,MECHANICAL,55.0,56.0,72.3,69.0,6,2001-8-2
718,William Meaker,MECHANICAL,20.0,95.0,33.0,43.0,3,2002-6-7
719,Gladys Johnson,ENTC,74.0,89.0,39.0,98.0,4,2001-4-24
720,Dorothy Robitaille,COMPUTER,42.0,18.0,35.0,100.0,5,2003-8-9
721,Patricia Jay,COMPUTER,37.0,74.0,8.0,15.6,7,2001-7-7
722,Hilda Worrell,ENTC,33.0,73.0,78.0,84.0,1,2002-12-18
723,Sherika Haskins,ENTC,,4.0,40.0,90.0,3,2001-11-23
724,Myron Moses,COMPUTER,80.0,63.0,6.0,1.2,10,2001-1-1
725,Hung Sandoval,MECHANICAL,65.0,73.0,277.0,66.0,6,2001-10-17
726,James Dampeer,ENTC,80.0,,22.0,,6,2001-4-7
727,Deloris Hernandez,COMPUTER,100.0,84.0,21.0,34.4,6,2001-9-10
728,Martina Nava,ENTC,26.0,,55.0,,4,2002-12-18
729,Effie Jackson,COMPUTER,36.0,66.0,18.0,,6,2002-1-16
730,Frank Salk,ENTC,42.0,22.0,70.0,75.0,3,2003-10-14
731,Kelly Ficklin,COMPUTER,43.0,96.0,43.0,58.0,4,2001-3-16
732,Norma Garrett,MECHANICAL,49.0,64.0,228.0,84.0,1,2002-1-28
733,Scott Gendron,MECHANICAL,62.0,49.0,68.4,97.0,3,2001-4-28
734,Audrey Brewer,ENTC,58.0,76.0,80.0,99.0,9,2001-10-10
735,Virginia Oliver,COMPUTER,74.0,56.0,94.0,13.0,9,2001-5-3
736,Craig Helwig,ENTC,,88.0,68.0,81.0,9,2002-10-30
737,Howard Covington,ENTC,76.0,20.0,30.0,65.0,5,2001-8-5
738,Christia Zeigler,COMPUTER,80.0,31.0,2.0,89.0,3,2001-7-3
739,Pamela Rigdon,ENTC,71.0,32.0,83.0,68.0,9,2001-7-22
740,Debra Pulsifer,COMPUTER,44.0,45.7,42.0,75.0,6,2002-1-30
741,Dana Hartwell,MECHANICAL,30.0,98.0,1.0,70.0,3,2001-7-23
742,Frances Abbott,COMPUTER,53.0,,78.0,13.0,10,2002-3-19
743,William Taylor,MECHANICAL,63.0,57.0,11.0,70.0,9,2002-1-2
744,Judy Janczewski,ENTC,,60.0,53.0,96.0,6,2003-9-8
745,Cheryl Gresham,MECHANICAL,78.0,17.0,61.9,76.0,9,2001-3-16
746,Ann Murphy,ENTC,27.0,2.0,9.0,11.0,1,2002-3-28
747,Randall Perkins,COMPUTER,99.0,71.0,88.0,74.0,3,2002-11-18
748,Natalie Hidalgo,COMPUTER,38.0,82.0,41.0,41.0,10,2003-11-17
749,Virginia Bailey,MECHANICAL,59.0,30.0,161.0,64.0,4,2001-4-17
750,Ali Wallace,ENTC,57.0,96.0,242.0,54.0,2,2001-6-25
751,Heather Teodoro,MECHANICAL,96.0,,40.0,87.0,5,2001-7-23
752,Frances Place,COMPUTER,41.0,90.0,72.2,22.1,1,2002-12-19
753,Roger Roden,ENTC,94.0,66.0,234.0,52.0,5,2001-8-18
754,Tonya Koh,COMPUTER,,64.0,60.8,,3,2003-11-17
755,Janet Allen,ENTC,49.0,100.0,90.0,78.0,9,2001-10-25
756,Jeffrey Noell,COMPUTER,39.0,28.0,22.0,41.0,9,2001-8-13
757,David Fike,ENTC,,,44.0,94.0,3,2003-11-21
758,Kimberly Shipp,COMPUTER,55.0,,40.0,67.0,9,2002-2-22
759,Olive Dooley,MECHANICAL,91.0,13.0,63.0,66.0,5,2003-11-10
760,Shannon Salgado,MECHANICAL,67.0,23.0,70.6,31.0,1,2002-11-4
761,Maurice Seymour,ENTC,25.0,66.0,67.8,90.0,6,2002-5-19
762,Robert Roberts,ENTC,76.0,26.0,53.0,70.0,4,2003-11-18
763,Michael Gabel,MECHANICAL,46.0,11.0,52.0,45.0,8,2003-12-23
764,Manuel White,ENTC,5.0,57.0,26.0,38.0,2,2001-11-24
765,Gary Lingo,COMPUTER,61.0,91.0,73.4,28.7,3,2001-3-14
766,Patti Foster,COMPUTER,42.0,,49.0,35.0,2,2003-1-29
767,Katherine Hanauer,ENTC,96.0,34.0,52.0,53.0,7,2002-6-6
768,Lisa Preston,COMPUTER,21.0,68.0,264.0,4.3,9,2001-9-10
769,Ruby Alexander,MECHANICAL,50.0,56.0,68.7,9.9,9,2002-2-3
770,Amy Chandler,ENTC,12.0,17.0,40.0,,9,2003-2-2
771,Jessica Ochoa,COMPUTER,49.0,58.0,44.0,22.3,7,2001-2-9
772,Andrea Sellers,COMPUTER,72.0,71.0,247.0,100.0,3,2001-12-23
773,Jerrell Richmon,ENTC,,62.0,73.8,64.0,2,2001-5-29
774,Nora Pauling,COMPUTER,53.0,,87.0,39.0,10,2003-4-14
775,Arron Swain,COMPUTER,6.0,28.0,38.0,75.0,9,2003-2-4
776,John Wilson,ENTC,91.0,,154.0,72.0,7,2001-4-17
777,Michelle Brown,COMPUTER,,,37.0,27.1,3,2002-2-3
778,Lisa Gilpin,ENTC,53.0,56.0,269.0,82.0,1,2002-12-6
779,Melinda Haynes,COMPUTER,2.0,92.0,42.0,3.8,1,2003-9-3
780,Margo Kless,MECHANICAL,,23.0,191.0,49.0,2,2001-5-25
781,Joyce Eck,MECHANICAL,,92.0,72.7,48.0,1,2002-3-5
782,Travis Spenser,ENTC,85.0,86.0,88.0,78.0,6,2002-4-4
783,Aurora Miles,MECHANICAL,100.0,69.0,46.0,34.3,2,2003-5-22
